id,title,description,publishTime,viewCount,likeCount,commentCount
TQHEJj68Jew,I Got Hunted By A Real Bounty Hunter,"Sign up for Current w/ my Creator Code ""BEAST"" and I'll send you $1 (or maybe $1k!!): http://www.current.com/MrBeast New ...",2021-04-24 20:00:00+00:00,84559207,2874122,128922.0
ayXxwJJId_c,"I Bought The World&#39;s Largest Mystery Box! ($500,000)",I cant believe I spent over $500000 on mystery boxes Add Honey for FREE ▸ http://joinhoney.com/mrbeast Thanks to Honey for ...,2021-04-03 20:00:01+00:00,101439191,3105269,162702.0
cExLQ1o2pDw,"First To Rob Bank Wins $100,000",I didnt think he would actually rob the bank... Sign up for Current and use my code “BEASTBANK” to get $1. Request $$ from me ...,2021-09-26 20:00:06+00:00,49468692,2349107,120482.0
GLoeAJUcz38,"Press This Button To Win $100,000!","Push the red subscribe button and you could also win $100000! (Seriously, we always fly subscribers down lol) New Merch ...",2020-11-14 21:00:02+00:00,145013747,2755664,83719.0
nM89Wl03Q4g,I Survived 50 Hours In A Maximum Security Prison,I can't believe this prison let me do this lol New Merch - https://shopmrbeast.com/ Chandler Karl and Chris couldnt make it to this ...,2021-06-26 20:00:02+00:00,78945852,2206865,94786.0
x9TQ6culXIA,"$1,000,000 Influencer Tournament!",That was so close at the end I can't believe that happened!,2021-12-16 21:00:00+00:00,30929257,2169506,78212.0
hxwpkM5w3Cc,I Got Hunted By The FBI,"You guys loved the bounty hunter video so we did it with the FBI, i hope you enjoy! Get $5 on Venmo just for adding Honey ...",2021-08-07 23:00:03+00:00,71742548,2553222,88944.0
9bqk6ZUsKyA,I Spent 50 Hours Buried Alive,This was the most insane thing I've ever done New Merch - https://shopmrbeast.com/ SUBSCRIBE OR I TAKE YOUR DOG ...,2021-03-27 20:00:04+00:00,153924447,5370928,233507.0
QbJJwaVdgIs,I Got Hunted By The Military,"I'm not sure how they drove over that... it wasnt supposed to happen Sign up using code ""BEASTHUNT"" with current!",2021-12-10 21:30:02+00:00,42172485,2391038,89753.0
vp5sSqyZ5Go,I Filled My Brother’s House With Slime &amp; Bought Him A New One,I did not expect that to happen..... DOWNLOAD & PLAY HERE http://x.ea.com/65665 Apex Legends Season 6 includes the ...,2020-10-10 20:00:31+00:00,94846742,2608373,116246.0
HBMmK1c44sE,I Spent 24 Hours In A Doomsday Bunker,The bunker gets crazier as the video goes on! SUBSCRIBE OR YOU'LL HAVE BAD LUCK For more info on this bunker check out ...,2020-04-11 20:00:00+00:00,102634036,2077593,77819.0
uocETPj4Jx4,"Extreme $500,000 Game Of Tag!",I did not expect that to happen at the end... New Merch - https://shopmrbeast.com/ SUBSCRIBE OR I TAKE YOUR DOG ...,2021-09-04 20:00:07+00:00,57246940,2766161,99567.0
6wsFjjhZPJI,"Last To Leave Revolving Door Wins $50,000",YOU WON'T BELIEVE WHAT HAPPENS IN THIS VIDEO LOL New Merch - https://shopmrbeast.com/ SUBSCRIBE OR I TAKE ...,2019-07-02 20:00:01+00:00,97478796,2516304,173831.0
urtFrxDUV6c,"Would YOU Quit School For $100,000?",You won't believe what they chose! New Merch - https://shopmrbeast.com/ SUBSCRIBE OR I TAKE YOUR DOG ...,2021-07-10 20:00:09+00:00,55000996,2000111,78824.0
WcwGleN38zE,"Extreme $100,000 Game of Tag!",I cant believe he actually won.. New Merch - https://shopmrbeast.com/ SUBSCRIBE OR I TAKE YOUR DOG ...,2021-04-17 20:00:00+00:00,84708728,2444864,121140.0
UQtltNZ_pjs,I Won Every Prize At A Theme Park,WE WON OVER 10000 STUFFED ANIMALS LOL New Merch - https://shopmrbeast.com/ SUBSCRIBE OR I TAKE YOUR DOG ...,2019-08-15 19:59:59+00:00,90508874,1881972,65291.0
Rj_vssRaZlQ,I Ate The World’s Largest Slice Of Pizza,This slice of pizza was expensive... New Merch - https://shopmrbeast.com/ SUBSCRIBE OR I TAKE YOUR DOG ...,2020-08-01 20:00:02+00:00,98991053,2638357,125432.0
Dc2ZRmuH5OM,"Steal This $100,000 Diamond, You Keep It",Do you think you could have done all the levels? New Merch - https://shopmrbeast.com/ SUBSCRIBE OR I TAKE YOUR DOG ...,2020-11-28 21:00:04+00:00,103613744,2466217,92701.0
SZQhgExjBvQ,I Survived 24 Hours Straight In Ice,i borderline went crazy about 17 hours in... New Merch - https://shopmrbeast.com/ SUBSCRIBE OR I TAKE YOUR DOG ...,2020-10-29 20:17:44+00:00,84969442,2830649,187882.0
zxYjTTXc-J8,"Last To Leave Circle Wins $500,000",THIS WAS THE CRAZIEST THING IVE EVER DONE! Get $10 of Bitcoin when you join Coinbase using my code: ...,2021-08-31 20:01:03+00:00,94648848,3465588,94604.0
erQ_9yEz0ls,"I Bought The World&#39;s Largest Firework ($600,000)",I cant believe i spent this much money on fireworks lol Thanks to Fireworks by Grucci for helping! https://www.grucci.com/ Follow ...,2020-07-03 21:00:20+00:00,106430024,3637788,169919.0
YQDDm9HLkV4,I Adopted EVERY Dog In A Dog Shelter,"This is my favorite video i have ever made, it took me 9 months to film. PLEASE DONATE HERE: https://furkids.org/donation/ New ...",2020-07-23 20:00:11+00:00,104573156,3338619,190405.0
FbM1yi4mMMc,I Bought A Private Island,"I spent so much money buying this island, please subscribe lol New Merch - https://shopmrbeast.com/ SUBSCRIBE OR I TAKE ...",2020-08-13 20:00:07+00:00,76535310,2747686,127344.0
5V2B28OqfqM,"I Spent $1,000,000 On Lottery Tickets and WON",I didnt think i was going to win that much... looks like im buying an island New Merch - https://shopmrbeast.com/ SUBSCRIBE OR I ...,2020-08-08 20:00:02+00:00,58745850,2141001,83407.0
AA-VpIj8F5Y,"Last To Stop Running Wins $20,000",You won't believe what happens to chandler!! New Merch - https://shopmrbeast.com/ SUBSCRIBE OR I TAKE YOUR DOG ...,2019-06-06 20:00:00+00:00,83089420,1830570,67026.0
5Fg9oZk-5uA,I Bought Everything In 5 Stores,Please subscribe this video costed so much money Buy Merch Here!! - https://shopmrbeast.com/ Beast Philanthropy ...,2021-01-09 21:01:25+00:00,73920589,3636998,187773.0
C680oxL__ck,"I Ate $100,000 Golden Ice Cream",I cant believe how insane that ice cream looked at the end New Merch - https://shopmrbeast.com/ SUBSCRIBE OR I TAKE YOUR ...,2021-01-22 21:00:03+00:00,99434496,3491144,163242.0
mpZWt5pGKZ8,The Real Way Dinosaurs Went Extinct,SCHOOLS HAVE BEEN LYING TO YOU ALL YOUR LIFE! New Merch - https://shopmrbeast.com/ SUBSCRIBE OR I TAKE YOUR ...,2018-06-28 21:12:01+00:00,24145987,665535,44255.0
r7zJ8srwwjk,I Spent 50 Hours In Solitary Confinement,i borderline went crazy about 30 hours in... New Merch - https://shopmrbeast.com/ SUBSCRIBE OR I TAKE YOUR DOG ...,2020-05-30 20:10:08+00:00,158035371,3103065,106024.0
D9lVNzyhYnc,Surviving 24 Hours Straight In The Bermuda Triangle,THIS IS ONE OF THE CRAZIEST THINGS I'VE EVER DONE! DONATE TO TEAM TREES: https://teamtrees.org/ New Merch ...,2019-11-09 21:00:55+00:00,109672650,2371530,90367.0
f0c7pSCoZqE,"I Put 1,000,000 Christmas Lights On A House (World Record)",Watch until the end to see how insane the houses look Get Honey for FREE today ▸ https://joinhoney.com/mrbeast Honey finds ...,2020-12-23 21:00:06+00:00,54631924,2154926,111003.0
cV2gBU6hKfY,I Cleaned The World’s Dirtiest Beach #TeamSeas,Donated = 1 Pound Of Trash Out Of The Ocean - https://teamseas.org/ HELP US REMOVE 30000000 POUNDS OF TRASH FROM ...,2021-10-29 19:59:43+00:00,52232425,4124984,177383.0
dg2Ag3e8W-Q,I Opened A Restaurant That Pays You To Eat At It,Download our MrBeast Burger App and order food NOW! IOS - https://apps.apple.com/us/app/mrbeast-burger/id1543431762 ...,2020-12-19 22:00:03+00:00,93700173,3520892,726784.0
DuQbOQwVaNE,"Offering People $100,000 To Quit Their Job",Download Finger On The App 2 NOW! - https://beastgames.com/ New Merch - https://shopmrbeast.com/ SUBSCRIBE OR I TAKE ...,2021-03-13 21:00:02+00:00,76910234,2573684,118905.0
Ooke4YZv8Ts,Surviving 24 Hours Straight In A Desert,WE WENT TO A DESERT AND SPENT 24 HOURS IN IT New Merch - https://shopmrbeast.com/ SUBSCRIBE OR I TAKE YOUR ...,2019-03-16 20:05:00+00:00,87455660,1914350,87795.0
L8nh1wuXTbI,"I Gave Him One Hour To Spend $100,000!",THEY HAD ONLY ONE HOUR TO SPEND $100000 IN NEW YORK Download Tik Tok Here ...,2019-01-01 21:05:01+00:00,63794129,1320507,70111.0
RwnN2FVaHmw,"Last to Stop Swinging Wins $1,000,000 (Part 2)",I BET YOU DIDNT EXPECT THAT TO HAPPEN LOL (watch till the end) Get Honey for FREE and start saving money today ...,2019-11-30 21:00:03+00:00,58561797,1356984,80269.0
tQ4m4zD7BBA,"Last To Fall Wins $1,000,000 (Part 1)",BUY MY MERCH!! - https://shopmrbeast.com/ FOLLOW MY INSTAGRAM!! - https://www.instagram.com/mrbeast SUBSCRIBE OR ...,2019-11-14 21:00:31+00:00,83518203,1999824,52828.0
bs0SWXbty18,"Spending $1,000,000 In 24 Hours",watch till the end you wont believe everything he bought.... Get Honey for FREE and save on your holiday gifts ...,2019-12-21 21:00:01+00:00,100462973,3027377,121334.0
2eFSU7TFOnk,Spending 24 Hours On Top Of A Mountain,"WE HAD LIKE NO OXYGEN UP HERE, IT WAS CRAZY! New Merch - https://shopmrbeast.com/ SUBSCRIBE OR I TAKE YOUR ...",2019-06-13 20:00:01+00:00,101529974,2310339,107381.0
F4Y3Pkn95GI,"I Ate A $70,000 Golden Pizza",I cant believe we actually did this... Please vote and help me win a Kids Choice Award (I'm on page 20) https://kca.nick.tv/vote/ ...,2020-02-29 21:00:22+00:00,126897998,2841871,104312.0
lBYC4_Lccjw,Surviving 24 Hours On A Deserted Island,"This was Insane, I Can't Believe We Did This! New Merch - https://shopmrbeast.com/ SUBSCRIBE OR I TAKE YOUR DOG ...",2019-08-22 20:00:07+00:00,106847485,2234290,74112.0
XaxhLbxZ13k,Last To Take Hand Off House Keeps It!,YOU WON'T BELIEVE WHO WON THE NEW HOUSE LOL New Merch - https://shopmrbeast.com/ SUBSCRIBE OR I TAKE YOUR ...,2019-01-08 21:05:00+00:00,57329591,1097144,43990.0
HPJKxAhLw5I,"Planting 20,000,000 Trees, My Biggest Project Ever!",HELP US ACHIEVE OUR GOAL OF PLANTING 20000000 TREES! PLEASE DONATE ! - https://teamtrees.org/ #teamtrees ...,2019-10-25 19:01:01+00:00,64589539,3612311,165153.0
d1010B3sKNQ,Surviving 24 Hours Straight In A Rain Forest,This was a lot of fun! New Merch - https://shopmrbeast.com/ SUBSCRIBE OR I TAKE YOUR DOG ...,2019-09-21 21:00:00+00:00,72251662,1615130,69833.0
wMuYiLby3-s,"Last To Stop Riding Bike Wins $1,000,000 (Part 4)",YOU WONT BELIEVE WHO WON THIS Get Honey for FREE and save on your holiday gifts ▸ http://joinhoney.com/mrbeast Honey ...,2019-12-14 20:59:57+00:00,38383883,1011056,94556.0
0e3GPea1Tyg,"$456,000 Squid Game In Real Life!",MAKE SURE YOU WATCH UNTIL GLASS BRIDGE IT'S INSANE! Download Brawl Stars now and get a free gift from me in the ...,2021-11-24 21:00:01+00:00,174984311,12129741,569635.0
gsWPpE4Rid0,Videos I Could Not Upload...,The last video i couldnt upload took forever to film SUBSCRIBE OR YOU'LL HAVE BAD LUCK New Merch ...,2020-04-30 20:00:08+00:00,65695725,2240340,60698.0
oI6aXhowFDY,I Went Back To Boy Scouts For A Day,WATCH UNTIL THE END TO SEE THE ULTIMATE BETRAYAL New Merch - https://shopmrbeast.com/ SUBSCRIBE OR I TAKE ...,2020-01-25 21:00:01+00:00,66940630,1448542,44462.0
LdMx2U5tby0,"$60,000 Extreme Hide And Seek - Challenge",THERE IS NO WAY THIS HAPPENED AGAIN LOL WATCH UNTIL THE END New Merch - https://shopmrbeast.com/ SUBSCRIBE ...,2020-01-17 21:00:01+00:00,79594890,1824229,48148.0
LdMx2U5tby0,"$60,000 Extreme Hide And Seek - Challenge",THERE IS NO WAY THIS HAPPENED AGAIN LOL WATCH UNTIL THE END New Merch - https://shopmrbeast.com/ SUBSCRIBE ...,2020-01-17 21:00:01+00:00,79594890,1824229,48148.0
IoZri9hq7z4,I Uber’d People And Let Them Keep The Car,Subscribe for a free car! New Merch - https://shopmrbeast.com/ I uber people and give them the car SUBSCRIBE OR I TAKE ...,2020-10-24 20:00:01+00:00,62831867,2529080,83068.0
NkE0AMGzpJY,"Last To Leave $800,000 Island Keeps It",I can't believe I gave away a private island. subscribe to help me pay for it Download Lords Mobile to win BIG prizes here: ...,2020-08-15 20:00:02+00:00,119273272,3713734,225801.0
X1jMMFOqxEw,"$50,000 Game Of Extreme Hide And Seek - Challenge","BUY NOW MrBeast, Chandler, Chris - http://youtooz.com ENTER ON INSTAGRAM TOO https://www.instagram.com/mrbeast New ...",2019-11-28 21:00:01+00:00,92627306,2156482,50044.0
vJH28ICkCdU,I Sold My House For $1,Download Basketball Arena and attend the $50000 Win Streak Event https://app.adjust.com/6yykn7c_ou2rw0e *LIMITED TIME ...,2021-03-06 21:00:02+00:00,73061112,2657977,115347.0
NbaWrbJDr48,"Last To Leave Toilet Wins $1,000,000 (Part 3)",New Merch - https://shopmrbeast.com/ Instagram - https://www.instagram.com/mrbeast SUBSCRIBE OR I TAKE YOUR DOG ...,2019-12-07 21:11:07+00:00,49190103,1200928,47802.0
Ims5p6wjW9s,"Last To Take Hand Off Boat, Keeps It",Last one to remove their hand kept the boat! New Merch - https://shopmrbeast.com/ SUBSCRIBE OR I TAKE YOUR DOG In this ...,2019-10-19 20:06:01+00:00,68481895,1321051,57148.0
HfJMs4mrSJM,Molten Lava Vs Giant Ice Block Experiment,In this video we played with lava and dumped it on things Buy Your Maverick Merch Here - https://shopmrbeast.com/ Shoutout to ...,2019-04-27 20:00:02+00:00,62469582,1281299,42357.0
ktyJIj6i4Qw,"If You Can Carry $1,000,000 You Keep It!",Exclusive Merch Here - https://shopmrbeast.com/ YOU HAVE 7 DAYS TO BUY THIS SHIRT AND YOUR NAME WILL BE ADDED ...,2021-07-24 20:00:59+00:00,58711757,1991702,67874.0
QxGVgXf_LNk,"Going Through The Same Drive Thru 1,000 Times",I can't believe we did this lol New Merch - https://shopmrbeast.com/ SUBSCRIBE OR I TAKE YOUR DOG ...,2019-10-05 20:00:08+00:00,138258380,3221058,124522.0
fMfipiV_17o,"Would You Sit In Snakes For $10,000?",Would you sit in a tub of snakes for $10000? New Merch - https://shopmrbeast.com/ Subscribe to Brian Barczyk: ...,2021-04-10 21:00:07+00:00,108455056,3111527,133685.0
qIsgdOVGA04,"Last To Take Hand Off Lamborghini, Keeps It",Subscribe if you want to compete! Watch My Documentary Now On Curiosity: http://curiositystream.com/BEAST New Merch ...,2021-10-23 20:00:01+00:00,52317398,2628658,116364.0
H1WBdh56Vq4,Spending 24 Hours In A City With No Laws,"We spent 24 hours straight in slab city, aka the city with no laws. New Merch - https://shopmrbeast.com/ SUBSCRIBE OR I TAKE ...",2019-05-07 21:00:01+00:00,86822062,1684791,62515.0
sfv1QaRzJg8,I Ordered Pizza And Tipped The House,I Was In Youtube Rewind 2019 New Merch - https://shopmrbeast.com/ SUBSCRIBE OR I TAKE YOUR DOG Check me out in ...,2019-12-05 21:00:02+00:00,86369859,3134904,102792.0
anFxsa5jXrE,"I Searched 100 Dumpsters, Here&#39;s What I Found",YOU WON'T BELIEVE WHAT WE FOUND! LOL New Merch - http://www.shopmrbeast.com/MBYTV1 SUBSCRIBE OR I TAKE ...,2019-10-12 20:10:01+00:00,71724101,1322705,49516.0
LU_xVr4b2qM,"Going Around A Ferris Wheel 1,000 Times Straight",Thanks to Epic Games for sponsoring this video! Download Battle Breakers - http://bit.ly/codeMrBeast FOLLOW 4 COOKIE ...,2019-11-16 21:00:47+00:00,54464059,1434793,46072.0
uE6gud1voDs,"Ordering Water Then Tipping $30,000",You won't believe how they reacted to the $30000 we tipped! subscribe for a car New Merch - https://shopmrbeast.com/ ...,2018-10-23 20:11:02+00:00,39703667,1066810,47633.0
UtnsWzaoRtg,World&#39;s Largest Game Of Dodgeball,THIS GAME OF DODGEBALL WAS INSANE!!!!! New Merch - https://shopmrbeast.com/ SUBSCRIBE OR I TAKE YOUR DOG ...,2019-07-12 20:05:00+00:00,42087874,1033031,54769.0
0DaMUhgcAqo,Destroying My Friend&#39;s Car And Surprising Him With A New One,I DROPPED A METEOR ON MY FRIEND'S CAR New Merch - https://shopmrbeast.com/ SUBSCRIBE OR I TAKE YOUR DOG ...,2019-08-10 20:00:00+00:00,71966092,1960999,60798.0
9cCpZl8euLI,I Gave A Homeless Man A Home,WE GAVE A HOMELESS PERSON A HOUSE idk y caps Get Honey and start saving money today ...,2019-02-28 22:06:00+00:00,63692460,1891218,114583.0
AS6WMS_Bemg,I Can&#39;t Believe I Found This Stuff On Amazon..,It should be illegal to sell this stuff. Get your chair here - https://www.gtomegaracing.com/ SUBSCRIBE FOR A FREE CAR BUY ...,2017-12-22 23:19:10+00:00,26836585,1099183,25120.0
A-vX1AGBGsc,I Went Back To 1st Grade For A Day,me and the squad went back to first grade for fun LAST DAY TO BUY MERCH - https://shopmrbeast.com/ After today you can no ...,2019-01-31 22:05:00+00:00,119146583,2301961,134872.0
TDiXxsQ0w2Q,Why I Haven’t Been Uploading,This took way too long... Buy Merch - https://shopmrbeast.com/ SUBSCRIBE OR I TAKE YOUR DOG ...,2020-09-17 20:00:05+00:00,32843593,2152618,98467.0
OAbP-V6fEVc,I Broke Into A House,His reaction was hilarious Download monster legends: https://monsterlegends.onelink.me/1933036881/MrBeast Thanks Monster ...,2020-06-25 20:00:00+00:00,74284200,2287634,182227.0
ha4tRQwKIUg,I Bought Everything In A Store - Challenge,I WENT INTO A STORE AND BOUGHT LITERALLY 15000 ITEMS! New Merch - https://shopmrbeast.com/ SUBSCRIBE OR I TAKE ...,2019-05-18 20:05:02+00:00,100325414,3391562,181968.0
ORUX1lHbOa8,I Opened A FREE BANK,Download Angry Birds 2 Here https://rov.io/PU9tvo Thanks To Angry Birds For Sponsoring This Video New Merch ...,2019-11-23 21:00:17+00:00,66740112,1894475,90433.0
NZlClr_ivb4,"Hit The Target, Win $300,000","If they miss the shot, the prize goes up by $10000 Get Honey for FREE today ▸ http://joinhoney.com/mrbeast Honey finds coupons ...",2021-06-12 20:00:01+00:00,75957258,2370741,84286.0
PKtnafFtfEo,"Youtube Rewind 2020, Thank God It&#39;s Over",This is what Youtube Rewind would look like if it was made by creators lol SUBSCRIBE TO THESE SMALL CHANNELS NOW ...,2021-01-01 21:00:03+00:00,57071423,4705351,297539.0
e5DqdX-7_g4,Surprising TFue With A Fortnite Battle Bus In Real Life,YOU WON'T BELIEVE HOW TFUE REACTED TO THE BATTLE BUS New Merch - https://shopmrbeast.com/ SUBSCRIBE OR I ...,2018-12-07 22:11:00+00:00,89515226,1693360,64573.0
E6E22XQPhhg,Anything You Can Fit In The Triangle I’ll Pay For,Sorry for the long time no uploads! I had 4 different videos fall apart :/ New Merch - https://shopmrbeast.com/ SUBSCRIBE OR I ...,2021-06-01 20:00:02+00:00,64591302,2179410,86995.0
LeYsRMZFUq0,"I Gave People $1,000,000 But ONLY 1 Minute To Spend It!",Subscribe right now and you might be picked to be in my next video! (its epic) New Merch - https://shopmrbeast.com/ SUBSCRIBE ...,2020-12-15 21:00:11+00:00,91506000,4280994,170773.0
nuM0Z4a7kMs,I Spent 24 Hours Straight In Insane Asylum,"THIS VIDEO WAS CRAZY, LIKE FOR MORE MINECRAFT New Merch - https://shopmrbeast.com/ SUBSCRIBE OR I TAKE YOUR ...",2019-02-10 21:05:00+00:00,91341742,1921633,134586.0
IYVjOfoU3uI,I Gave My Credit Card To Random People,Watch until the end to see how much they spend! New Merch - https://shopmrbeast.com/ SUBSCRIBE OR I TAKE YOUR DOG ...,2020-02-01 21:00:01+00:00,101051328,2811393,94449.0
P4qWhSZ7_WA,Things That SHOULDN&#39;T Be Sold On Amazon,I bought a bunch of stuff that probably shouldn't be sold on amazon. New Merch - https://shopmrbeast.com/ SUBSCRIBE OR I ...,2018-09-21 22:06:01+00:00,86013440,1364783,49526.0
GUWGsIVEMSQ,"Surprising Tfue With $10,000 Live - Fortnite",YOU WON'T BELIEVE HOW HE REACTED!!! New Merch - https://shopmrbeast.com/ SUBSCRIBE OR I TAKE YOUR DOG This is a ...,2018-10-04 20:07:01+00:00,64500999,1375558,48141.0
yeqARWqjkps,"Last To Take Hand Off $1,000,000 Keeps It",Watch to the end of the video to see who becomes a millionaire... SUBSCRIBE OR ILL PUNCH YOU New Merch ...,2019-12-19 21:00:12+00:00,84543482,2601549,301016.0
59AYXzCa-Cs,I Built The World&#39;s Largest Lego Tower,I didnt think they would actually build that high lol New Merch - https://shopmrbeast.com/ SUBSCRIBE OR I TAKE YOUR DOG ...,2020-06-06 20:00:01+00:00,81203218,2231276,73644.0
gL6iSCSHjco,"Last To Leave Roller Coaster Wins $20,000 - Challenge",THEY TOOK OVER 100 LAPS LOL New Merch - https://shopmrbeast.com/ SUBSCRIBE OR I TAKE YOUR DOG ...,2019-08-17 20:00:00+00:00,79312197,1886915,64649.0
_mdKvblL_8s,"$70,000 Extreme Hide And Seek - Challenge",watch until the end to see who wins the $70000 DOWNLOAD HERE: https://dragoncity.onelink.me/3213014026/MrBeast Open to ...,2020-03-13 20:00:04+00:00,72557848,1788738,67217.0
YyhKdOCwD7s,24 Hours In The Most Haunted Place On Earth,YOU WON'T BELIEVE WHAT WE FOUND! lol New Merch - https://shopmrbeast.com/ SUBSCRIBE OR I TAKE YOUR DOG ...,2019-05-30 20:07:01+00:00,53534402,1722992,114155.0
tYHTVjfShOA,"Anything You Can Carry, I&#39;ll Pay For Challenge",I took people into stores and paid for whatever they could carry New Merch - https://shopmrbeast.com/ SUBSCRIBE OR I TAKE ...,2019-04-20 20:00:03+00:00,71828375,1457843,93090.0
i2O6GMpNWGo,"Last To Leave The Tesla, Keeps It Challenge",THIS WAS THE LONGEST CHALLENGE WE'VE DONE SO FAR! Buy merch the car was expensive lol - https://shopmrbeast.com/ ...,2019-03-29 21:05:00+00:00,71665726,1369908,44295.0
3LLnjRLrvLU,I Opened A Free Car Dealership,"This video means a lot to me, i'm so happy with how it went! BRAND NEW Merch - https://shopmrbeast.com/ SUBSCRIBE OR I ...",2019-08-29 20:00:00+00:00,87764014,2733835,138171.0
tBEBc4KQVsU,I Hope This Magic Trick Works,WE ATTEMPTED POPULAR MAGIC TRICKS AND THIS HAPPENED OPEN and follow all these guys! Chris Ramsey ...,2018-09-11 21:13:59+00:00,38291307,653970,19881.0
q0OK-zHnvnA,Can A Glowing 1000 Degree Sword Slice A Car In Half?,WILL THE SWORD CUT RIGHT THRU THE CAR????? New Merch - https://shopmrbeast.com/ SUBSCRIBE OR I TAKE YOUR ...,2018-09-06 21:09:00+00:00,60639734,981127,39105.0
0hVZOJCYBBM,Important Youtube Announcement (please watch),I CAN'T BELIEVE WE REACHED OUR GOAL!!!!! YOU GUYS ARE AMAZING! New Merch - https://shopmrbeast.com/ SUBSCRIBE ...,2019-12-28 21:00:06+00:00,32530674,2367667,135851.0
KSKJKLmAqpI,"Lamborghini Race, Winner Keeps Lamborghini",New Merch - https://shopmrbeast.com/ SUBSCRIBE OR ELSE ---------------------------------------------------------------- follow all of these ...,2020-02-08 21:00:02+00:00,75192102,1843970,54804.0
fWcSBWadolA,"Paying People $10,000 To Eat Ghost Pepper",YOU WON'T BELIEVE HOW THEY REACTED! New Merch - https://shopmrbeast.com/ SUBSCRIBE OR I TAKE YOUR DOG ...,2019-06-01 20:05:01+00:00,35855635,1025971,36346.0
YR6Wh2Zy9jE,"2,256 Miles In One Uber Ride (World Record)",DOWNLOAD QUIDD HERE - http://bit.ly/2hGAS06 *i changed the title because I am stupid and put the wrong amount of miles ...,2017-10-28 22:30:00+00:00,39156556,1008489,43598.0
Z9WQy9jEY8M,"Giving 10,000 Presents To Kids For Christmas","Download Lords Mobile here for to win BIG prizes and a $350 pack for all! http://igg.com/event/mrbeast Tons of IPHONE 11 PROS, ...",2019-12-23 21:00:04+00:00,49037908,2593615,176241.0
2nd73lyvq4w,Giant Monopoly Game With Real Money,"WE PLAYED A GAME OF MONOPOLY WITH REAL CASH, IT WAS CRAZY New Merch - https://shopmrbeast.com/ SUBSCRIBE ...",2019-02-15 22:05:00+00:00,60207564,1415291,67121.0
n6qc4LHN2KQ,I Opened The World&#39;s First FREE Store,EVERYTHING IN THE STORE WAS %100 FREE!!!!! New Merch - https://shopmrbeast.com/ SUBSCRIBE OR I TAKE YOUR DOG ...,2019-06-15 20:00:00+00:00,53864910,1668829,75576.0
nd-bwvNB7YA,Destroying My Friend&#39;s Car And Surprising Him With A New One - Slime,YOU WON'T BELIEVE WHAT CAR WE GOT HIM!!! New Merch - https://shopmrbeast.com/ SUBSCRIBE OR I TAKE YOUR DOG ...,2018-08-28 22:08:59+00:00,85303113,1936029,64569.0
igVcy5dtN80,Grilling A Microwave Microwaving A Microwave Microwaving A Toaster Toasting An Iphone Watching Micro,Grilling A Microwave Microwaving A Microwave Microwaving A Toaster Toasting An Iphone Watching Microwaving a Microwave ...,2017-03-30 22:10:41+00:00,1794201,63491,5073.0
VqnQ-0q2gb4,Destroyed Friend&#39;s House And Bought Him A New One,YOU WON'T BELIEVE HOW MY FRIEND REACTED TO HER HOUSE! Join Honey for FREE at ...,2018-11-24 21:06:01+00:00,38216023,999159,70328.0
63gyUQ_JeOE,Toothpaste Life Hacks YOU SHOULD KNOW,I CAN'T BELIEVE IT WORKED HOLY CRAP SUBSCRIBE FOR A FREE CAR CLICK HERE TO BUY GIANT ASIANT STICKER ...,2017-06-13 22:30:01+00:00,19545390,504008,16143.0
7zi0bi-RDj4,"Eating A $10,000 Golden Steak (24k Gold)",YOU WON'T BELIEVE WHAT THIS GOLDEN STEAK TASTED LIKE! BEAST APPAREL - https://shopmrbeast.com/ Four people ...,2019-01-11 22:05:00+00:00,94404369,1653943,89537.0
xRwy_rKc7gI,World&#39;s Largest Bowl Of Cereal,YOU WON'T BELIEVE HOW BIG IT WAS LOL New Merch - https://shopmrbeast.com/ SUBSCRIBE OR I TAKE YOUR DOG In this ...,2019-05-15 21:05:01+00:00,94153443,1851997,80207.0
AiGKBNGlzHo,I Ran A Marathon In The World&#39;s Largest Shoes,Get the best deals while you're stuck at home ▸ http://joinhoney.com/mrbeast Honey is FREE and finds coupons with the click of a ...,2020-03-21 20:00:02+00:00,63649409,1930460,61062.0
yXWw0_UfSFg,Anything You Can Fit In The Circle I’ll Pay For,Watch until the end to see how much i spent New Merch - https://shopmrbeast.com/ SUBSCRIBE OR I TAKE YOUR DOG ...,2020-03-07 21:00:00+00:00,144535837,3715112,108618.0
XE9pUM9MEFA,I Built A Working Car Using Only LEGOS,I CAN'T BELIEVE WE DROVE THIS ON THE HIGHWAY Subscribe for a cookie New Merch - https://shopmrbeast.com/ SONG ...,2018-06-23 21:09:58+00:00,60009956,1355373,101295.0
sirrTXiPFmw,I Bought One Snickers Bar From Every Walmart,i can't believe i did this SUBSCRIBE FOR A FREE CAR ---------------------------------------------------------------- ▻ FOLLOW BOTH ...,2018-01-13 23:15:01+00:00,40440079,1037107,73232.0
NS3hse9ezik,"Last To Leave Ramen Noodle Pool Wins $20,000","Whoever left the ramen noodles last, won $20000! New Merch - https://shopmrbeast.com/ SUBSCRIBE OR I TAKE YOUR DOG ...",2019-09-13 20:00:05+00:00,42608583,1023020,43033.0
s1ax8Tx_Jz0,Would YOU Rather Have A Lamborghini or This House?,Subscribe and you could be in the next would you rather! Get Honey for FREE and support the channel ...,2020-08-22 20:00:01+00:00,117884292,3007711,153292.0
0NGWT9COcEI,"I Gave My Brother 24 Hours To Spend $100,000",YOU WON'T BELIEVE WHAT HE BOUGHT LOL My Brother's Channel ...,2019-08-31 20:00:01+00:00,47780628,1544401,55304.0
jokVbbLqV_E,"I Spent $100,000 On Lottery Tickets And Won!","Chris vs Chandler, who will win? Watch to the end! Get Honey for FREE and start saving money today ...",2019-10-31 20:00:02+00:00,41113857,1124455,30808.0
3ix_gbcubTo,"Last To Leave Slime Pit Wins $20,000 - Challenge",LAST ONE TO GET OUT OF THE SLIME PIT WINS $20000!! New Merch - https://shopmrbeast.com/ SUBSCRIBE OR I TAKE ...,2018-11-30 21:11:01+00:00,80738533,1573086,70038.0
IiW2smvEcBM,I Opened The World’s Cheapest Store,EVERYTHING IN THE STORE IS ONLY $1 New Merch BUY NOW - https://shopmrbeast.com/ Don't forget that 4 random people ...,2019-01-26 21:05:00+00:00,37287981,1101434,86803.0
Gz3yak1cl-8,"Last To Leave Circle Wins $10,000 - Challenge",THE LAST PERSON TO STEP OUTSIDE THE CIRLCE WINS $10000 NO JOKE THIS WAS INSANE! SUBSCRIBE OR I EAT ...,2018-10-12 22:05:04+00:00,75610727,1323777,60542.0
Y6jC6VaO3j0,"Donating $100,000 To Streamers With 0 Viewers",YOU WON'T BELIEVE HOW MUCH WE GAVE AWAY LOL Merch - https://shopmrbeast.com/ Buy so i don't go broke lol ...,2019-03-24 20:00:04+00:00,61971517,2299338,70397.0
JTQcIR2ZxU4,Homeless Man Buys A Lamborghini,I was genuinely curious if people would treat me worse because I'm homeless now buy my merch New Merch ...,2019-04-18 20:05:00+00:00,83844938,2252529,72044.0
Rmf6T_Ewt38,Tipping Waitresses With Real Gold Bars,WE TIPPED WAITRESSES WITH REAL GOLD LOL Get Honey for FREE and start saving money today ...,2019-06-21 20:00:01+00:00,51900664,1362989,85666.0
TOcGSwJBPMQ,I Spent 24 Hours Straight At Area 51,YOU WON'T BELIEVE WHAT WE FOUND OUT!!!!!! New Merch - https://shopmrbeast.com/ SUBSCRIBE OR I TAKE YOUR DOG ...,2019-08-02 21:00:01+00:00,75115469,2153700,90612.0
qPBtTPJHS0Q,I Advertised Pewdiepie At The Super Bowl,I CAN'T BELIEVE WE MADE IT ON THE SUPER BOWL LOL New Merch - https://shopmrbeast.com/ SUBSCRIBE OR I TAKE ...,2019-02-04 22:00:01+00:00,39437667,1204332,68134.0
1V_03efSkg0,"$300,000 Influencer Trivia Tournament!",A trivia elimination tournament to see who is the smartest creator in the world! Last one standing receives $300000 to give to their ...,2020-10-18 00:19:57+00:00,48218189,1975052,117426.0
YSoJPA8-oHc,If You Click This Video I&#39;ll Give My Friend .001$,Make sure you watch this video a bunch! New Merch - https://shopmrbeast.com/ SUBSCRIBE OR I TAKE YOUR DOG ...,2020-05-23 21:01:02+00:00,116443545,4926402,151623.0
xhIYirjB4Yc,"Giving $10,000 To Random People And Saying Nothing",YOU WON'T BELIEVE HOW THEY REACTED TO THE $10000 THEY RECEIVED! Get Honey for FREE and start saving money ...,2019-04-30 20:00:06+00:00,49378473,1190933,48648.0
UE5AHE2Ypr8,"I Gave My 40,000,000th Subscriber 40 Cars",I was able to afford this because you guys bought the 40 mil merch! Thank you so much!!! Buy New Merch!,2020-09-19 20:00:02+00:00,86900618,3123903,178620.0
l_huIWJBhJM,I Bought An Expensive Car Using Only $1 Bills,I CAN'T BELIEVE IT WORKED! NEW Merch Store! - https://mrbeastshop.shop/ SUBSCRIBE FOR A FREE CAR ...,2018-02-13 23:10:01+00:00,34849783,1008630,36683.0
_qAJMXfL6o0,"Would You Rather Have $100,000 OR This Mystery Key?","Honestly, this is probably the most ive spent on a video so please subscribe Get the best deals while shopping online ...",2020-06-13 20:00:01+00:00,117607906,2796178,117891.0
71VpdDb8e6U,"Last Youtuber To Leave Wins $100,000 - Challenge",WHO EVER LEFT THE CIRCLE LAST WON $100000 OPEN FOR EVERYONE THAT COMPETED IN THE VIDEO Leon Lush ...,2018-12-12 21:00:02+00:00,70521469,1848601,98749.0
wbzD04leeLI,Do Water Repellent Shoes Actually Work?,I CAN'T BELIEVE I WALKED ON WATER! New Merch - https://shopmrbeast.com/ SUBSCRIBE OR I TAKE YOUR DOG ...,2018-06-22 22:11:00+00:00,97921463,1434187,64153.0
N_GMakKf7G4,"Giving A Random Homeless Man $10,000",Get Quidd here! ▻▻▻ http://bit.ly/2ohRboS My username is mrbeasr add me! SUBSCRIBE FOR A FREE CAR Business Email ...,2017-06-15 23:10:02+00:00,9808884,483089,34029.0
97Gh93Daio0,I Made Money Grow On Trees,I CAN'T BELIEVE THEY FOUGHT OVER THE MONEY!! New Merch - https://shopmrbeast.com/ SUBSCRIBE OR I TAKE YOUR ...,2018-06-01 22:09:00+00:00,15946874,400535,37412.0
oD155zWANQg,"Get This Random Person 1,000,000 Subscribers",Watch the entire video before subscribing @Zealous His Channel: ...,2020-09-05 20:00:17+00:00,41327429,1763835,122733.0
Ejou8aa5eZk,How Many Rubber Bands Does It Take To Snap A Safe?,I CAN'T BELIEVE THIS ACTUALLY WORKED!! New Merch - https://shopmrbeast.com/ SUBSCRIBE OR I TAKE YOUR DOG ...,2018-05-22 22:14:01+00:00,34054682,847028,45878.0
bTrV5v7GLcQ,"Last To Leave Pool Of $20,000 Keeps It",THIS CHALLENGE WENT ON FOREVER!! Get Honey for FREE and start saving money today https://joinhoney.com/mrbeast My ...,2019-08-24 20:00:01+00:00,97558875,2081125,78993.0
9GD6hbqu2oM,I Spent 24 Hours Straight In Slime,THIS WAS THE MOST DISGUSTING THING I HAVE EVER DONE I STILL HAVE A RASH FROM IT LOL subscribe for a car New ...,2018-10-09 20:05:02+00:00,37329495,844219,34339.0
ttLYXcza4j4,MrBeast’s Outro Song,Whobilly - https://www.youtube.com/channel/UC451PIF8rykIfv0X37Gr6PQ Twitter Please Follow! - https://twitter.com/MrBeastYT ...,2015-09-05 20:15:02+00:00,7432372,344117,19292.0
oBYbxw8f5OI,"Giving $1,000,000 Of Food To People In Need",This video took months of planning and over $1000000. I genuinely hope you enjoy it :) DONATE HERE ...,2020-03-27 20:00:05+00:00,28237670,1339537,67480.0
qAW6CE7_bFM,"I Donated $25,000 To Random Kids Streaming Fortnite","I Gave A Bunch Of Money To Kids Playing Fortnite Instagram - https://www.instagram.com/mrbeast/?hl=en or just search ""MrBeast"" ...",2018-09-14 20:09:01+00:00,57774321,1167228,40483.0
dFr5YQaQQdo,"I Gave $20,000 To People From An Ice Cream Truck",I gave away $20000 New Merch - https://shopmrbeast.com/ SUBSCRIBE OR I TAKE YOUR DOG To be 100% honest it was ...,2018-05-02 22:11:00+00:00,14139905,332943,21840.0
ws694xrKopA,"Can 50,000 Magnets Catch A Cannon Ball?",YOU WON'T BELIEVE WHAT HAPPENS WHEN WE TRY THIS! Download Lords Mobile here to win a PRIZE and to help DONATE ...,2019-07-20 20:00:02+00:00,36419545,943621,41188.0
i6OUv48w1bk,"Surprising My Girlfriend With 100,000 Roses For Valentines Day",BUY OUR NEW MERCH! https://shopmrbeast.com/ Maddys Instagram - https://www.instagram.com/maddyspidell/ My Instagram ...,2020-02-14 21:00:04+00:00,62865153,2130038,91546.0
AKJfakEsgy0,Hi Me In 5 Years,This video was filmed 5 years ago You better have a million subscribers! I added some clips from the other hi me videos to this ...,2020-10-04 20:00:54+00:00,54372894,4018859,202942.0
8D3vI1615K4,Fidget Spinner Vs Face (Legit Had To Get Stitches),THIS IS NOT CLICKBAIT Enter $500 Giftcard Giveaway: http://bit.ly/2nVhJgm SUBSCRIBE FOR A FREE CAR CLICK HERE TO ...,2017-05-02 23:30:00+00:00,34557469,1301915,80539.0
52ubXjlVzUY,"Donating $100,000 To A Random Fortnite Streamer",THIS IS THE MOST MONEY I'VE EVER DONE IN A VIDEO!! Download Quidd For Free - http://bit.ly/2AIsjyv This is simon aka ...,2018-08-05 22:00:00+00:00,49086043,1037098,51872.0
Vl3swga-Xrk,"Would You Rather Have A Giant Diamond or $100,000?",I cant believe i spent this much again.... Download link: https://dragoncity.onelink.me/DDHl/MrBeast New Merch ...,2020-09-26 20:40:02+00:00,83917358,2033023,72873.0
rH1D_3G56DY,Returning Destroyed Rental Cars Prank,"YOU WON'T BELIEVE HOW THE MANAGER REACTED LOL In this video we returned car in an experiement. If you diy this, be ...",2018-07-27 21:09:00+00:00,31240334,512718,18064.0
KzwTYZ2W3ZA,Microwaving A Microwave,IT BLEW UP WTF like or i steal yo girl ...,2016-12-09 02:45:18+00:00,10837423,417795,42810.0
Vl3swga-Xrk,"Would You Rather Have A Giant Diamond or $100,000?",I cant believe i spent this much again.... Download link: https://dragoncity.onelink.me/DDHl/MrBeast New Merch ...,2020-09-26 20:40:02+00:00,83917358,2033023,72873.0
rH1D_3G56DY,Returning Destroyed Rental Cars Prank,"YOU WON'T BELIEVE HOW THE MANAGER REACTED LOL In this video we returned car in an experiement. If you diy this, be ...",2018-07-27 21:09:00+00:00,31240334,512718,18064.0
KzwTYZ2W3ZA,Microwaving A Microwave,IT BLEW UP WTF like or i steal yo girl ...,2016-12-09 02:45:18+00:00,10837423,417795,42810.0
nywT2SenPIo,"Last To Remove Hand, Gets Lamborghini Challenge",YOU WON'T BELIEVE WHO WINS THE COMPETITION AND HOW THEY DO IT! New Merch - https://shopmrbeast.com/ ...,2018-11-02 20:05:01+00:00,69191714,1400092,75479.0
bFZdU9dr4OM,Rocket League In Real Life!,THIS WAS THE CRAZIEST THING WE HAVE EVER DONE! New Merch - https://shopmrbeast.com/ SUBSCRIBE OR I TAKE YOUR ...,2018-09-01 21:08:58+00:00,25505264,480247,16670.0
d7QmQtNwhcU,"Can 1,000 Rolls Of Duct Tape Stop A Car??",WILL THE CAR MAKE IT THROUGH? Download PUBGMOBILE: http://bit.ly/MrBeastPubG Can 1000 rolls of duck tape stop a car?,2018-04-30 22:09:00+00:00,24377360,500016,25154.0
Lx9fRu5ehFo,We Are Better Than Dude Perfect,We are better Music By - https://m.youtube.com/channel/UCJrYFqO8sG-KtqUhWRtQL4w SUBSCRIBE FOR A FREE CAR CLICK ...,2017-06-24 18:40:12+00:00,22944275,582355,38137.0
q6Qw8mUVTrE,I Put 10 Million Legos in Friend&#39;s House,YOU WON'T BELIEVE HOW HE REACTED WHEN HE CAME HOME LOL New Merch - https://shopmrbeast.com/ SUBSCRIBE OR ...,2019-01-18 22:04:59+00:00,46227157,924250,60149.0
Izmibu7dxcs,Destroying My Friend&#39;s Car And Surprising Him With A New One,HE DIDN'T SEE IT COMING LOL Download Quidd Here - http://bit.ly/2IGS5mb SUBSCRIBE OR I DELETE YOUR MINECRAFT ...,2018-04-13 22:21:00+00:00,36313050,587976,36662.0
foLlul8Tl3E,"I Donated $50,000 To Ninja - Fortnite",HIS REACTION TO THE $50000 WAS INSANE! Join Honey for FREE at https://www.joinhoney.com/mrbeast I donated to twitch ...,2018-07-14 21:06:00+00:00,89769130,2007087,63343.0
3TflpIllQHY,I Put 100 Million Orbeez In My Friend&#39;s Backyard,THIS WAS THE CRAZIEST THING WE HAVE EVER DONE LOL New Merch - https://shopmrbeast.com/ SUBSCRIBE OR I TAKE ...,2018-11-22 21:08:01+00:00,150997583,3962425,135969.0
sg_XFT4K3N4,"I Dropped $20,000 From A Drone",THIS WAS THE CRAZIEST THING I'VE EVER DONE Buy My Apparel So I Don't Go Broke - https://mrbeastshop.shop/ ...,2018-03-08 00:13:02+00:00,7495440,240420,17838.0
6_im_hGxGRk,Spending 24 Hours Straight Under Water Challenge,I CAN'T BELIEVE I ACTUALLY DID THIS!!!!!!! Funniest Shirts On The Internet - https://shopmrbeast.com/ SUBSCRIBE OR I TAKE ...,2018-08-24 22:09:00+00:00,96248892,2508977,105260.0
Ih2WTyY62J4,"$250,000 Influencer Rock, Paper, Scissors Tournament","This rock, paper, scissors tournament consists of 32 of the worlds biggest influencers! $250000 will go to a charity of the winner's ...",2020-04-26 01:36:25+00:00,42561056,1564281,57070.0
t4OumncEiKo,I Took Apart My Friends Car And Put It In His Room,WE PUT HIS CAR IN HIS ROOM AND SURPRISED HIM Visit https://spons.org/MrBeast on your iPhone or Android phone to install ...,2018-05-25 22:41:59+00:00,14738477,291237,12426.0
Su34c5Z8DW4,I Put Millions Of Pennies In My Friends Backyard,YOU WON'T BELIEVE HOW HE REACTED TO THIS New Merch - https://shopmrbeast.com/ SUBSCRIBE OR I TAKE YOUR DOG ...,2018-12-08 21:05:02+00:00,72591815,1462740,57723.0
_uwNDiU04zE,"If You Press This, I’ll Pay...",Subscribe and I'll Donate $0.10 To Charity Play Rogue Company FREE today! http://hrz.io/MrBeast New Merch ...,2021-02-13 21:00:01+00:00,43200518,2650285,155981.0
op0N7axawJA,"I Gave $20,000 To Random Homeless People",THEY WERE SO HAPPY! NEW Merch Store! - https://mrbeastshop.shop/ ...,2018-02-17 00:40:00+00:00,43234255,1206444,75177.0
PJyWmlWNor8,WHY DO THEY SELL THIS ON AMAZON?,"HOW DID IT DO THAT? like for a free package PO BOX ADDRESS 740 SE Greenville Blvd., Ste. 400-344 Greenville, NC 27858 ...",2016-12-18 02:00:04+00:00,8210999,701385,16235.0
9vB-48kHbBU,I Built A Giant House Using Only Legos,THIS TOOK US OVER AN ENTIRE MONTH TO BUILD THIS HOUSE! New Merch - https://shopmrbeast.com/ SUBSCRIBE OR I ...,2018-12-02 20:05:01+00:00,54381499,927301,50622.0
9yrdFAJUSaU,"Donating $100,000 To Shroud In Real Life","YOU WON'T BELIEVE HOW HE REACTED TO THIS LOL Download Apex Legends for free on PC, PS4, and Xbox here: ...",2019-04-04 21:05:59+00:00,29230372,834049,21556.0
MC5h-ShR-S8,"We Drove 3,000 Miles For The World&#39;s Best Burger",THIS WAS THE CRAZIEST THING I'VE EVER DONE! New Merch - https://shopmrbeast.com/ SUBSCRIBE OR I TAKE YOUR DOG ...,2018-06-09 21:13:59+00:00,45965096,1090900,96741.0
xpNeg0hPZIs,Playing Battleship With Real Ships,THIS IS 100% THE BEST THING WE HAVE EVER DONE! Open to see giveaway entries! 1.) Follow ...,2019-04-06 20:05:58+00:00,31066889,871774,35706.0
2O8wta4FsD4,STUPIDEST PERSN ON EART (Really Dumb),HOW IS HE SO STUPID? like or I eat your mom's dinner Rock - https://www.youtube.com/watch?v=KkS_sth28rs Paper ...,2016-11-28 00:01:52+00:00,2439564,184968,13366.0
XKFKPQHdWRI,Breaking Glass Using Only Megaphones,100 MEGAPHONES VS GLASS!!! SUBSCRIBE OR I DELETE YOUR MINECRAFT ACCOUNT NEW Merch Store! - mrbeast.shop ...,2018-03-17 22:22:47+00:00,49965035,1304718,78123.0
iUzi5JmJNWc,Surprising Strangers With 100 Zombies - Experiment,YOU WON'T BELIEVE HOW PEOPLE REACTED TO THIS LOL Download PUBG Mobile For Free - http://bit.ly/PUBGMBeast ...,2019-03-03 22:04:59+00:00,48166891,1422990,56335.0
yUXIx2l8kko,I Bought An Abandoned Storage Unit And Found This..,CRAZIEST DAY OF MY LIFE SUBSCRIBE FOR A FREE CAR BUY ASIAN STICKER HERE https://mrbeast.shop/ ...,2017-12-01 23:44:58+00:00,33940557,592579,23978.0
9-HphHIJS9c,"How I Gave Away $1,000,000","lots of you ask where my money comes from, so here ya go New Merch - https://shopmrbeast.com/ SUBSCRIBE OR I TAKE YOUR ...",2018-12-25 21:05:01+00:00,14036468,485696,35394.0
b91vrgVY-ZQ,"Attempting The Impossible Maze - $10,000 Challenge",NO ONE HAS EVER SOLVED THIS MAZE!! Build A Website For Free - https://www.wix.com/go/mrbeast 7000000th Subscriber ...,2018-08-15 21:08:59+00:00,48999554,929022,32940.0
5Hg_QSIJm8I,"I Gave $200,000 To People Who Lost Their Jobs (Corona Virus)",A lot of people are going through a ruff time right now so I tried my best to do some good :) Get the best deals while you're stuck at ...,2020-05-07 19:59:59+00:00,34742586,1286931,67609.0
mM2KwBYa-u4,My Mom Found My Channel!! :0,"The person who gave birth to me, aka my mom, found out about my youtube channel. Twitter Please Follow!",2015-08-20 01:44:22+00:00,577900,21732,2169.0
BMZP4CtphaU,Life Hacks You Need To Know,I CAN'T BELIEVE THIS WORKED! BUY ERIC HERE - https://mrbeast.shop/ ...,2017-12-08 22:49:10+00:00,7023942,195004,11230.0
NZR4WEjpOQg,Winning A Game Of Fortnite In The Middle Of The Ocean,"I CAN'T BELIEVE I DID THIS, IT WAS CRAZY SUBSCRIBE OR I TAKE YOUR DOG Outro winner ...",2018-04-25 22:09:02+00:00,28859580,735603,49475.0
ZV7rU6lnAKQ,"$200,000 Youtuber Battle Royale",Check out part 2 here: https://www.youtube.com/watch?v=P845PrVtWIk 13 Teams All Competing For $200000 ...,2019-03-12 22:00:00+00:00,44369464,1574831,146907.0
gKVZz4kcuns,"$10,000 Games Of Rock Paper Scissors",THESE ARE THE MOST EPIC GAMES OF ROCK PAPER SCISSORS EVER! DOWNLOAD THE BEST APP EVER HERE ...,2018-11-04 21:05:02+00:00,16983879,479871,26100.0
g2rbhIB-ITM,"I Donated $30,000 To A Random Twitch Streamer (world record)",WE CHANGED HIS LIFE! Download Like here - https://like.onelink.me/FvnB/e11cc55c SUBSCRIBE FOR A FREE CAR ...,2018-01-28 00:11:02+00:00,32020553,1039751,57453.0
uotb9ZHnI2g,"Tipping Pizza Delivery Guys $10,000",Download Quidd - http://bit.ly/2x2KvwR Please support them for making this possible! SUBSCRIBE FOR A FREE CAR ...,2017-08-23 21:44:24+00:00,21663202,677975,41834.0
rPXmbM2UEbU,"Giving $100,000 To A Homeless Person","THIS VIDEO IS ONE OF OUR BEST VIDEOS TO DATE, I LOVE IT! Download Dragon City Here ...",2018-12-23 21:00:01+00:00,28159334,980971,73387.0
QapO3maXd9k,Donating $10000 To Pewdiepie,I love Pewdiepie and we must help when he wants help! Donate To CRY Here - https://www.cry.org/donation/indian-donors ...,2018-12-16 21:05:02+00:00,43564553,1641305,51884.0
Pe3pGsCeYXg,"Giving 3,000,000 Pennies To My 3,000,000th Subscriber",I GAVE HIM 3000000 PENNIES LOL SUBSCRIBE FOR A FREE CAR NEW Merch Store! - https://mrbeastshop.shop/ ...,2018-02-22 23:14:03+00:00,8485379,229178,22968.0
fG1N5kzeAhM,Dear Future Me (Scheduled Uploaded 6 Months Ago),"Dear future me, please do not be dead. Btw I also made a video for 1 and 10 years in the future!",2016-04-04 19:30:01+00:00,1717692,113512,12057.0
wDqJZ_2ZA3A,"I Spent $30,000 On Lottery Tickets And Won ____","LOL I CAN'T BELIEVE I DID THIS, THIS WAS INSANE!!! Get Honey For FREE at - http://joinhoney.com/mrbeast Honey has saved ...",2018-09-28 21:05:00+00:00,16657770,418798,23158.0
8TFq_vvO_Wg,MrBeast6000&#39;s First Video (So Bad lol),This is the first video I uploaded to this channel!,2015-11-19 21:29:40+00:00,10944588,434540,33502.0
UlUcwJc5nBs,"Surprising My 8,000,000th Subscriber With 8,000,000 ___",You won't believe what I gave him! New Merch - https://shopmrbeast.com/ His Channel ...,2018-09-19 20:05:01+00:00,26054536,464693,19081.0
pzlPJmNyepA,What is Crohn&#39;s Disease?????,"Ummm, Idk what I am supposed to write here xD Enjoy the video. ▻ Subscribe? - http://bit.ly/1sBQXmi ▻ Follow?",2015-04-04 20:31:25+00:00,211427,8480,882.0
w40Z8aT5fpQ,Why Do We Do Things That Are Bad For Us?????,"This is a video where I talk, and now your watching it. ▻ Subscribe? - http://bit.ly/1sBQXmi ▻ Follow? - http://bit.ly/1ljKsl1 Sponsor ...",2015-05-14 23:52:57+00:00,17500,685,90.0
vETSAZgfDP4,I Flew Using Only Balloons AND Leaf Blowers,I ACTUALLY FLEW THIS TIME OMG SUBSCRIBE OR I TAKE YOUR DOG ...,2018-04-23 22:09:02+00:00,30121386,601898,46179.0
x4IXCimma-s,5 Youtubers I Think Will Be Famous...,I this video I talk about 5 channels that I think will get a ton of subs over the next year and more than likely make it big.,2014-05-31 21:06:55+00:00,115104,3389,633.0
dBxOYE2j55U,Make This Video The Most Liked Video On Youtube,"WHAT IS UP LOGANG, MAKE SURE YOU LIKE THE VIDEO AND WATCH TO THE END TO SEE WHO WON THE EGG ...",2019-01-16 22:05:01+00:00,96461544,19036898,277069.0
syMozMiJneM,Why I Stopped Playing Video Games - Video Game Commentary,"Why I stopped Playing Video Games, is what I talk about in this video and I hope you enjoy! CLICK THIS LINK FOR PIE!",2015-10-25 21:20:24+00:00,34562,1107,159.0
1UygJmcHUdQ,I Got Bored Of Studying So This Happened,I hate studying METH = DEATH.,2015-10-13 01:15:19+00:00,233683,8693,627.0
-0zoWMSEOGg,"I Gave My 6,000,000th Subscriber 6,000,000 ____",YOU WON'T BELIEVE WHAT WE GAVE HIM Best Shirts On The Internet - https://shopmrbeast.com/ 6000000th subscriber ...,2018-07-25 21:11:00+00:00,15047117,353842,33237.0
BqS4iVHa-LU,How Much Money Does Penguinz0 Make????? 2016,In this video I talk about how much Penguinz0 makes off of youtube. He is almost at 1 Million subs and if you have not heard of ...,2014-05-16 23:53:55+00:00,51463,2140,318.0
TZPlDuYrcDQ,Minecraft Mansion Timelapse,"Thanks for stopping by and watching what I hope to be a weekly series. I thought this build turned out well, and make sure you let ...",2014-02-22 23:51:15+00:00,512683,16722,2286.0
uBC7805Smsg,"I Gave $500,000 To Random People",I hope this made a difference in a lot of people's lives. New Merch - https://shopmrbeast.com/ SUBSCRIBE OR I TAKE YOUR DOG ...,2018-05-11 22:40:59+00:00,12786639,395913,31580.0
gYaxI_allkQ,Am I Ian From Smosh????,Is Mr.Beast actually Ian from Smosh? This is something that I actually get asked a lot. Twitter Please Follow!,2015-08-02 19:09:03+00:00,334608,5950,419.0
lfD7kMZKuNg,Big Channel&#39;s Starting Over???,This video is about people who I have watched that started over with a new channel. Pico - https://www.youtube.com/user/pico210 ...,2015-08-05 10:00:02+00:00,20511,569,92.0
cRPldarzw-M,1k Subs,Hey thanks for subscribing to me. I will upload daily soon. The first part of April is always busy for me because I am playing for two ...,2014-04-13 23:53:33+00:00,16268815,1223832,94369.0
GxTVDClFXuc,MrBeast6000Subs,Insert funny joke Follow my twitter - https://twitter.com/MrBeastYT Guy Singing ...,2015-08-23 11:00:00+00:00,245023,16919,2419.0
9zFfp3gzZ88,I Hate Youtubers That Ask For Likes,This is just a random rant on things I do not like on youtube. aka asking for likes and supply drop openings. Twitter Please Follow!,2015-08-20 19:13:03+00:00,104617,6809,653.0
Kgu2ApayYvI,How Much Money Do I Make?????,"Thought I would mix it up and instead of talking about a different youtuber, I talk about my self :) = Enjoy the video? Click here!",2014-03-16 01:24:25+00:00,84573,2920,496.0
RywkkwO78m8,Flat Earth PROVEN By Independent Research,WE PROVED THE EARTH IS NOT ROUND!!!!!!!!!!!! SUBSCRIBE IF YOU WERE LIED TO! New Merch - https://shopmrbeast.com/ ...,2018-09-22 20:05:01+00:00,24412125,710958,137610.0
Y74b7WlcEpk,More birds IN MINECRAFT!!,Basically what this mod does is adds more birds to minecraft. i forgot to mention that you can find nest which have eggs in them....,2013-01-12 23:35:45+00:00,506898,21718,2581.0
rqUvnLPvbrM,Reacting To The Reaction Of The Reaction To The Reaction Of The Reaction Of The Reaction To The Reac,To the reaction of the reaction to the reaction of the reaction to the reaction of the reaction to the reaction of the reaction to the ...,2017-02-22 00:00:04+00:00,5786746,305250,26107.0
AS5CxLCWq-Q,Watching Dance Till You&#39;re Dead For 10 Hours,I WATCHED THE WHOLE VIDEO Enter $500 Giveaway - bit.ly/2nVhJgm SUBSCRIBE FOR A COOKIE Buy Shirts Here ...,2017-03-21 22:40:12+00:00,41438586,1963567,
5PCxQSMOl3o,i&#39;m really sorry,i hope you guys can forgive me SUBSCRIBE FOR A FREE CAR ---------------------------------------------------------------- ▻ Follow all ...,2017-10-26 21:30:00+00:00,5014873,182509,10350.0
yyJ7xEcENNI,How Much Does Pewdiepie Make?,Ever wonder how much money pewdiepie makes off of youtube? Well in this video I am going to talk about pewdiepie's earnings.,2015-06-28 22:41:05+00:00,73732,1453,152.0
ZQZzR0DUujc,"New Optic Gaming Gear Coming To Advanced Warfare, My Thoughts",This video is just my thoughts on the new optic gaming gear that is coming to advanced warfare. Twitter Please Follow!,2015-08-01 16:47:55+00:00,13866,372,116.0
9Ax56oRhcZc,Counting To 10000 In One Sitting,Counting To 10000 In One Sitting ------------------------------------------------------------------------------------------------------------- →→ FOLLOW ...,2016-02-01 00:27:55+00:00,28154562,458612,47868.0
ZJwX2jTXWwQ,Watching It&#39;s Everyday Bro For 10 Hours Straight,"10 hours of suffering WE WROTE, SHOT, and EDITED THIS IN 1 DAY. HOPE YOU ENJOY... SUBSCRIBE FOR A FREE CAR ...",2017-06-17 21:06:02+00:00,26671457,784587,72616.0
xWcldHxHFpo,"I Counted To 100,000!",I can't believe I did this.. Like or I eat your food ...,2017-01-09 00:00:39+00:00,24615965,1160687,123330.0
mGIpOtncmSM,"Saying Pewdiepie 100,000 Times",I SAID HIS NAME 100000 TIMES TO STOP TSERIES IN THEIR TRACKS New Merch - https://shopmrbeast.com/ SUBSCRIBE OR I ...,2018-11-25 21:07:01+00:00,21218820,1451275,173184.0
v1ELS84GQu8,If This Video Gets One Million Views.....,Be a dear and share this with your friends because believe it or not this video will one day have one million views..... My gut said ...,2013-09-07 02:28:05+00:00,10502519,1005429,71337.0
ep7S1XnuQLU,"5,000 Hype",My Friend - https://www.youtube.com/watch?v=VJnczlbjyss Lets get him over 500 subs :),2015-08-11 10:00:00+00:00,68043,1887,457.0
t8aM4HuVLrQ,This is a block? Since when lol.,"This is the first time i ever encountered the yellow block or so called ""sponge"" in minecraft. since when is this a block?",2013-01-21 22:30:09+00:00,358979,15261,3076.0
dPxAFqs2eYE,"Epic Ghost Multiplayer EasterEggs! (PrisonBreak, Sovereign, and Flooded)",These are three eastereggs I found in Ghost.... Feel free to go into a private match and shoot them and see what happens :),2013-11-17 18:26:11+00:00,36889,1557,213.0
vZrL_FFITgs,Subscriber Goals For 2016,"I thought this was really cool, make sure to leave a comment if you want to be in next year's video! ▻ Subscribe?",2015-02-28 17:12:07+00:00,24299,723,392.0
9CVwXBYVqVk,"Counting To 200,000 (Road To A Mil)","I can't believe I did this *expand* Like I said at the beginning of the video, I didn't want to speed this up but I had no choice.",2017-02-18 00:00:03+00:00,3355198,133821,19482.0
2IGxSOfsBok,I Hate Pewdiepie!!!!!,I pretty much explain it in the video. I dont hate pewds I just want to see how many little 12 years olds will come and dislike this ...,2014-02-01 00:16:57+00:00,2658845,220504,15904.0
clcN3OA8SNw,Best Minecraft Castle Ever?,10 likes would make my day xD This is currently the BEST minecraft castle i have ever seen. I played survival on it and one ...,2013-01-27 01:52:40+00:00,162434,8942,1505.0
bIZ5_L1ru2w,Funny Noob Tubing Reaction Montage!,Just listen to these people rage about my noob tube its hilarious!!,2013-08-16 03:04:45+00:00,52241,1793,333.0
bEIK5ni_Pzs,How Many People Get The Diamond Play Button?????,This is about the new diamond play button that youtube released at Vid-Con. You have to have over 10 million subscribers to ...,2015-07-25 10:00:03+00:00,1710824,16806,2775.0
XKSJRulqDNA,Most Epic Thing In Minecraft!?!?!?!?!?!!?????,This is an INSANE noteblock song! I hope you enjoy and be sure to leave a like if you listen all the way through!,2013-03-10 22:19:14+00:00,187784,8105,1375.0
v3tbnlc5cfo,Battle Pirates!,This is a really fun game that if you have never heard of before you should go check out! = Enjoy the video? Click here!,2013-09-21 22:18:59+00:00,35074,1609,424.0
anZbhN0Wh_4,How Much Does PewDiePie Make????? 2016,Yes I have made 2 videos like this in the past but this is the last one I will make. Pewdiepie is the number one youtuber and alot of ...,2014-05-24 19:33:12+00:00,154946,3077,283.0
moMJjt5KECc,Money Problems,This is a little different of a video and I just want to know what you think!,2014-08-20 17:40:18+00:00,102215,2548,294.0
00NgUctWoLQ,"Extreme $1,000,000 Hide And Seek",I didn't expect that to happen at the end I was so confused haha ...,2021-12-18 21:00:00+00:00,24819231,1804838,64247.0
G7Y9ban7b0U,How Much Money Does Tobuscus Make?????,I decided after reading all the comment's and messages that I would bring this back. So to kick it off I talk about Tobuscus and how ...,2014-05-14 23:06:58+00:00,24821,628,160.0
HuLAAXZXIy0,This Kid Should Quit COD....,"The video says it all. ▻ Subscribe? - http://bit.ly/1sBQXmi ▻ Follow? - http://bit.ly/1ljKsl1 I read every comment, and love any type ...",2014-06-02 21:37:07+00:00,35007,780,139.0
NiqkH7qVW0U,100k Subs With No Videos????,I have lost my faith in humanity The channel ...,2015-04-11 16:51:40+00:00,378591,7529,2843.0
uUIlb2rpIuY,Epic Minecraft city! (w/ download link!),"This city is HUGE! I only show a little part of it in this video, if you want to see the whole thing just download it!",2013-04-11 01:00:01+00:00,142222,5155,738.0
yeHjsYQ076A,Remember When COD Was Fun?,"Yup, another very pointless video ▻ Subscribe? - http://bit.ly/1sBQXmi ▻ Follow? - http://bit.ly/1ljKsl1 Sponsor ...",2015-04-26 21:26:36+00:00,16251,572,145.0
X7doE4h6W64,Insane Gun Sync - 7 Hours To Make,Look at this - http://gyazo.com/8852509d2350db03af8ac1afa9172102 I probably should have done something easier for my first ...,2015-06-21 12:22:34+00:00,15687,633,105.0
AIytwdufwW8,MY MESSAGE TO COD YOUTUBERS (Watch till end plz),The beginning of the video is a little off topic but I bring it all back in the finally minutes of the video. ▻ Subscribe?,2015-05-29 20:07:48+00:00,18399,505,117.0
RCvnytndd9c,"Last To Leave VR Wins $20,000",YOU WON'T BELIEVE HOW LONG THEY LASTED!!! New Merch - https://shopmrbeast.com/ SUBSCRIBE OR I TAKE YOUR DOG ...,2019-06-08 20:00:01+00:00,82554253,1903933,90131.0
pV7UcYW1OwA,Computer vs Console My Perspective.,I talk about pc's and consoles in this video. I used to be a full all out console person but now with my new pc things have changed.,2014-06-02 18:08:34+00:00,40795,1156,230.0
zi7tZ-2PhLk,How Much Money Do You Make As An Uber Driver??????,In this video I talk about being an uber driver and give my thoughts and analysis on the whole thing on the money you make per ...,2015-05-31 18:31:25+00:00,18716,367,59.0
56OkH6ocYZU,L0114R - Biblical Creeper Post for Post @L0114R,His channel - https://www.youtube.com/user/thefunky31 My vid on his channel - https://www.youtube.com/watch?v=tGmtv6QM1rQ ...,2015-05-15 16:48:54+00:00,16558,429,134.0
3iaDrpKdaIc,I Ubered Random People In A Tank,YOU WON'T BELIEVE HOW THEY REACTED! New Merch - https://shopmrbeast.com/ SUBSCRIBE OR I TAKE YOUR DOG ...,2018-07-11 21:16:00+00:00,26230327,718441,44769.0
